{
    "Name": "MimecastSEG",
    "Author": "Mimecast - dlapi@mimecast.com",
    "Logo": "<img src=\"https://raw.githubusercontent.com/mimecast/Azure-Sentinel/mimecast_seg_connector/Solutions/MimecastSEG/Data%20Connectors/Logo/Mimecast.svg\" width=\"75px\" height=\"75px\">",
    "Description": "The data connector for [Mimecast Secure Email Gateway](https://community.mimecast.com/s/article/Azure-Sentinel) allows easy log collection from the Secure Email Gateway to surface email insight and user activity within Azure Sentinel. The data connector provides pre-created dashboards to allow analysts to view insight into email based threats, aid in incident correlation and reduce investigation response times coupled with custom alert capabilities. Mimecast products and features required: \n- Mimecast Secure Email Gateway \n- Mimecast Data Leak Prevention\n \n\nMicrosoft Sentinel Solutions provide a consolidated way to acquire Microsoft Sentinel content like data connectors, workbooks, analytics, and automations in your workspace with a single deployment step.",
    "Analytic Rules": [
        "Analytic Rules/MimecastDLP_Hold.yaml",
        "Analytic Rules/MimecastDLP.yaml",
        "Analytic Rules/MimecastSIEM_Attachment.yaml",
        "Analytic Rules/MimecastSIEM_AV.yaml",
        "Analytic Rules/MimecastSIEM_Impersonation.yaml",
        "Analytic Rules/MimecastSIEM_Internal_Mail_Protect.yaml",
        "Analytic Rules/MimecastSIEM_Spam_Event.yaml",
        "Analytic Rules/MimecastSIEM_Url_Protect.yaml",
        "Analytic Rules/MimecastSIEM_Virus.yaml"
    ],
    "Workbooks": [
        "Workbooks/MimecastSEGworkbook.json"
    ],
    "Data Connectors": [
        "Data Connectors/MimecastSEG_API_AzureFunctionApp.json"
    ],
    "BasePath": "C:\\Azure-Sentinel\\Solutions\\MimecastSEG",
    "Version": "3.0.0",
    "Metadata": "SolutionMetadata.json",
    "TemplateSpec": true,
    "Is1PConnector": false
}