{
  "id": "MimecastSIEMAPI",
  "title": "Mimecast Secure Email Gateway",
  "publisher": "Mimecast",
  "descriptionMarkdown": "The data connector for [Mimecast Secure Email Gateway](https://community.mimecast.com/s/article/Azure-Sentinel) allows easy log collection from the Secure Email Gateway to surface email insight and user activity within Azure Sentinel. The data connector provides pre-created dashboards to allow analysts to view insight into email based threats, aid in incident correlation and reduce investigation response times coupled with custom alert capabilities. Mimecast products and features required: \n- Mimecast Secure Email Gateway \n- Mimecast Data Leak Prevention\n ",
  "graphQueries": [
    {
      "metricName": "Total Secure Email Gateway data received",
      "legend": "MimecastSIEM_CL",
      "baseQuery": "MimecastSIEM_CL"
    },
    {
      "metricName": "Total Data Leak Prevention data received",
      "legend": "MimecastDLP_CL",
      "baseQuery": "MimecastDLP_CL"
    }
  ],
  "sampleQueries": [
    {
      "description" : "MimecastSIEM_CL",
      "query": "MimecastSIEM_CL\n| sort by TimeGenerated desc"
    },
    {
      "description" : "MimecastDLP_CL",
      "query": "MimecastDLP_CL\n| sort by TimeGenerated desc"
    }
  ],
  "dataTypes": [
    {
      "name": "MimecastSIEM_CL",
      "lastDataReceivedQuery": "MimecastSIEM_CL\n            | summarize Time = max(TimeGenerated)\n            | where isnotempty(Time)"
    },
    {
      "name": "MimecastDLP_CL",
      "lastDataReceivedQuery": "MimecastDLP_CL\n            | summarize Time = max(TimeGenerated)\n            | where isnotempty(Time)"
    }
  ],
  "connectivityCriterias": [
    {
      "type": "IsConnectedQuery",
      "value": [
        "MimecastSIEM_CL\n            | summarize LastLogReceived = max(TimeGenerated)\n            | project IsConnected = LastLogReceived > ago(30d)",
        "MimecastDLP_CL\n            | summarize LastLogReceived = max(TimeGenerated)\n            | project IsConnected = LastLogReceived > ago(30d)"
      ]
    }
  ],
  "availability": {
    "status": 1,
    "isPreview": true
  },
  "permissions": {
    "resourceProvider": [
      {
        "provider": "Microsoft.OperationalInsights/workspaces",
        "permissionsDisplayText": "read and write permissions on the workspace are required.",
        "providerDisplayName": "Workspace",
        "scope": "Workspace",
        "requiredPermissions": {
          "write": true,
          "read": true,
          "delete": true
        }
      },
      {
        "provider": "Microsoft.OperationalInsights/workspaces/sharedKeys",
        "permissionsDisplayText": "read permissions to shared keys for the workspace are required. [See the documentation to learn more about workspace keys](https://docs.microsoft.com/azure/azure-monitor/platform/agent-windows#obtain-workspace-id-and-key).",
        "providerDisplayName": "Keys",
        "scope": "Workspace",
        "requiredPermissions": {
          "action": true
        }
      }
    ],
    "customs": [
      {
        "name": "Microsoft.Web/sites permissions",
        "description": "Read and write permissions to Azure Functions to create a Function App is required. [See the documentation to learn more about Azure Functions](https://docs.microsoft.com/azure/azure-functions/)."
      },
      {
        "name": "Mimecast API credentials",
        "description": "You need to have the following pieces of information to configure the integration:\n- mimecastEmail: Email address of a dedicated Mimecast admin user\n- mimecastPassword: Password for the dedicated Mimecast admin user\n- mimecastAppId: API Application Id of the Mimecast Azure Sentinel app registered with Mimecast\n- mimecastAppKey: API Application Key of the Mimecast Azure Sentinel app registered with Mimecast\n- mimecastAccessKey: Access Key for the dedicated Mimecast admin user\n- mimecastSecretKey: Secret Key for the dedicated Mimecast admin user\n- mimecastBaseURL: Mimecast Regional API Base URL\n\n> The Mimecast Application Id, Application Key, along with the Access Key and Secret keys for the dedicated Mimecast admin user are obtainable via the Mimecast Administration Console: Administration | Services | API and Platform Integrations.\n\n> The Mimecast API Base URL for each region is documented here: https://integrations.mimecast.com/documentation/api-overview/global-base-urls/"
      },
      {
        "name": "Resource group",
        "description": "You need to have a resource group created with a subscription you are going to use."
      },
      {
        "name": "Functions app",
        "description": "You need to have an Azure App registered for this connector to use\n1. Application Id\n2. Tenant Id\n3. Client Id\n4. Client Secret"
      }
    ]
  },
  "instructionSteps": [
    {
      "title": "",
      "description": ">**NOTE:** This connector uses Azure Functions to connect to a Mimecast API to pull its logs into Azure Sentinel. This might result in additional data ingestion costs. Check the [Azure Functions pricing page](https://azure.microsoft.com/pricing/details/functions/) for details."
    },
    {
      "title": "",
      "description": ">**(Optional Step)** Securely store workspace and API authorization key(s) or token(s) in Azure Key Vault. Azure Key Vault provides a secure mechanism to store and retrieve key values. [Follow these instructions](https://docs.microsoft.com/azure/app-service/app-service-key-vault-references) to use Azure Key Vault with an Azure Function App."
    },
    {
      "title": "Configuration:",
      "description": "**STEP 1 - Configuration steps for the Mimecast API**\n\nGo to ***Azure portal ---> App registrations ---> [your_app] ---> Certificates & secrets ---> New client secret*** and create a new secret (save the Value somewhere safe right away because you will not be able to preview it later)"
    },
    {
      "title": "",
      "description": "**STEP 2 - Deploy Mimecast API Connector**\n\n>**IMPORTANT:** Before deploying the Mimecast API connector, have the Workspace ID  and Workspace Primary Key (can be copied from the following), as well as the Mimecast API authorization key(s) or Token, readily available.",
      "instructions": [
        {
          "parameters": {
            "fillWith": [
              "WorkspaceId"
            ],
            "label": "Workspace ID"
          },
          "type": "CopyableLabel"
        },
        {
          "parameters": {
            "fillWith": [
              "PrimaryKey"
            ],
            "label": "Primary Key"
          },
          "type": "CopyableLabel"
        }
      ]
    },
    {
      "title": "Deploy the Mimecast Secure Email Gateway Data Connector:",
      "description": "\n1. Click the **Deploy to Azure** button below. \n\n\t[![Deploy To Azure](https://aka.ms/deploytoazurebutton)](https://aka.ms/sentinel-MimecastSEG-azuredeploy)\n2. Select the preferred **Subscription**, **Resource Group** and **Location**. \n3. Enter the following fields:\n - appName: Unique string that will be used as id for the app in Azure platform\n - objectId: Azure portal ---> Azure Active Directory ---> more info ---> Profile -----> Object ID\n - appInsightsLocation(default): westeurope\n - mimecastEmail: Email address of dedicated user for this integraion\n - mimecastPassword: Password for dedicated user\n - mimecastAppId: Application Id from the Azure Sentinel app registered with Mimecast\n - mimecastAppKey: Application Key from the Azure Sentinel app registered with Mimecast\n - mimecastAccessKey: Access Key for the dedicated Mimecast user\n - mimecastSecretKey: Secret Key for dedicated Mimecast user\n - mimecastBaseURL: Regional Mimecast API Base URL\n - activeDirectoryAppId: Azure portal ---> App registrations ---> [your_app] ---> Application ID\n - activeDirectoryAppSecret: Azure portal ---> App registrations ---> [your_app] ---> Certificates & secrets ---> [your_app_secret]\n\n >Note: If using Azure Key Vault secrets for any of the values above, use the`@Microsoft.KeyVault(SecretUri={Security Identifier})`schema in place of the string values. Refer to [Key Vault references documentation](https://docs.microsoft.com/azure/app-service/app-service-key-vault-references) for further details.\n\n4. Mark the checkbox labeled **I agree to the terms and conditions stated above**. \n5. Click **Purchase** to deploy.\n\n6. Go to ***Azure portal ---> Resource groups ---> [your_resource_group] --->  [appName](type: Storage account) ---> Storage Explorer ---> BLOB CONTAINERS ---> SIEM checkpoints ---> Upload*** and create empty file on your machine named checkpoint.txt, dlp-checkpoint.txt and select it for upload (this is done so that date_range for SIEM logs is stored in consistent state)\n"
    }
  ],
  "metadata": {
    "id": "d394478b-62f5-49c9-9ce7-96ed999cc727",
    "version": "1.0.0",
    "kind": "dataConnector",
    "source": {
      "kind": "solution",
      "name": "Mimecast"
    },
    "author": {
      "name": "Mimecast"
    },
    "support": {
      "tier": "Partner",
      "name": "Mimecast",
      "email": "support@mimecast.com",
      "link": "https://community.mimecast.com/s/contactsupport"
    }
  }
}